<?xml version="1.0" encoding="UTF-8"?>
<!DOCTYPE suite SYSTEM "http://testng.org/testng-1.0.dtd">
<suite name="FlipKart.com Test" preserve-order="true" parallel="instances" group-by-instances="true">
<listeners>
	<listener class-name="com.course542.flipkart.listeners.MyTrnasformer"></listener>
	<listener class-name="com.course542.flipkart.report.ExtentReporterNG"></listener>
	<listener class-name="com.course542.flipkart.listeners.Listener"></listener>
</listeners>
  <test thread-count="1" name="LoginPageTest">
    <classes>
      <class name="com.course542.flipkart.tests.LoginPageTest"/>
    </classes>
  </test>
<!--    <test thread-count="1" name="HomePageTest">
    <classes>
      <class name="com.course542.flipkart.tests.HomepageTest"/>
    </classes>
  </test>  -->
  <!--  <test thread-count="5" name="SearchPageTest">
    <classes>
      <class name="com.course542.flipkart.tests.SearchPageTest"/>
    </classes>
  </test>
  <test thread-count="5" name="ProductpageTest">
    <classes>
      <class name="com.course542.flipkart.tests.ProductpageTest"/>
    </classes>
  </test>
  <test thread-count="5" name="CartpageTest">
    <classes>
      <class name="com.course542.flipkart.tests.CartPageTest"/>
    </classes>
  </test> -->
  
  <!-- Test -->
</suite> <!-- Suite -->
